username,firstname,lastname,email,password
perf-user-001,Perf,User001,perf001@test.local,perf-password
perf-user-002,Perf,User002,perf002@test.local,perf-password
perf-user-003,Perf,User003,perf003@test.local,perf-password
perf-user-004,Perf,User004,perf004@test.local,perf-password
perf-user-005,Perf,User005,perf005@test.local,perf-password
perf-user-006,Perf,User006,perf006@test.local,perf-password
perf-user-007,Perf,User007,perf007@test.local,perf-password
perf-user-008,Perf,User008,perf008@test.local,perf-password
perf-user-009,Perf,User009,perf009@test.local,perf-password
perf-user-010,Perf,User010,perf010@test.local,perf-password
perf-user-011,Perf,User011,perf011@test.local,perf-password
perf-user-012,Perf,User012,perf012@test.local,perf-password
perf-user-013,Perf,User013,perf013@test.local,perf-password
perf-user-014,Perf,User014,perf014@test.local,perf-password
perf-user-015,Perf,User015,perf015@test.local,perf-password
perf-user-016,Perf,User016,perf016@test.local,perf-password
perf-user-017,Perf,User017,perf017@test.local,perf-password
perf-user-018,Perf,User018,perf018@test.local,perf-password
perf-user-019,Perf,User019,perf019@test.local,perf-password
perf-user-020,Perf,User020,perf020@test.local,perf-password
perf-user-021,Perf,User021,perf021@test.local,perf-password
perf-user-022,Perf,User022,perf022@test.local,perf-password
perf-user-023,Perf,User023,perf023@test.local,perf-password
perf-user-024,Perf,User024,perf024@test.local,perf-password
perf-user-025,Perf,User025,perf025@test.local,perf-password
perf-user-026,Perf,User026,perf026@test.local,perf-password
perf-user-027,Perf,User027,perf027@test.local,perf-password
perf-user-028,Perf,User028,perf028@test.local,perf-password
perf-user-029,Perf,User029,perf029@test.local,perf-password
perf-user-030,Perf,User030,perf030@test.local,perf-password
perf-user-031,Perf,User031,perf031@test.local,perf-password
perf-user-032,Perf,User032,perf032@test.local,perf-password
perf-user-033,Perf,User033,perf033@test.local,perf-password
perf-user-034,Perf,User034,perf034@test.local,perf-password
perf-user-035,Perf,User035,perf035@test.local,perf-password
perf-user-036,Perf,User036,perf036@test.local,perf-password
perf-user-037,Perf,User037,perf037@test.local,perf-password
perf-user-038,Perf,User038,perf038@test.local,perf-password
perf-user-039,Perf,User039,perf039@test.local,perf-password
perf-user-040,Perf,User040,perf040@test.local,perf-password
perf-user-041,Perf,User041,perf041@test.local,perf-password
perf-user-042,Perf,User042,perf042@test.local,perf-password
perf-user-043,Perf,User043,perf043@test.local,perf-password
perf-user-044,Perf,User044,perf044@test.local,perf-password
perf-user-045,Perf,User045,perf045@test.local,perf-password
perf-user-046,Perf,User046,perf046@test.local,perf-password
perf-user-047,Perf,User047,perf047@test.local,perf-password
perf-user-048,Perf,User048,perf048@test.local,perf-password
perf-user-049,Perf,User049,perf049@test.local,perf-password
perf-user-050,Perf,User050,perf050@test.local,perf-password
